Prenom,Genre,Âge
Aurélie,Femme,42
Manon,Femme,66
Elsa,Femme,54
Amélia,Femme,84
Ursula,Femme,93
Bertrand,Homme,95
Salim,Homme,95
Sabrina,Femme,85
Émilie,Femme,18
Benjamin,Homme,85
Myriam,Femme,19
Khalid,Homme,53
Harriet,Femme,88
Stéphane,Homme,21
Gemma,Femme,73
Rami,Homme,40
Hubert,Homme,71
Victoria,Femme,84
Yann,Homme,45
Thomas,Homme,45
Antoine,Homme,18
Coralie,Femme,81
Yahya,Homme,26
Nina,Femme,32
Roland,Homme,99
Frédéric,Homme,99
Élise,Femme,61
Mohammed,Homme,56
Firas,Homme,28
Christophe,Homme,83
Heidi,Femme,20
Jamal,Homme,32
Stéphanie,Femme,42
Alphonse,Homme,90
Mélanie,Femme,22
Adèle,Femme,65
Cyril,Homme,37
Aline,Femme,41
Alessia,Femme,39
Thierry,Homme,52
Hussein,Homme,63
Felicity,Femme,60
Nabil,Homme,73
Isabelle,Femme,59
Patrick,Homme,70
Anaïs,Femme,60
Philippe,Homme,94
Aïcha,Femme,23
Simon,Homme,54
Laurie,Femme,31
Hicham,Homme,44
Maurice,Homme,55
Mourad,Homme,51
Damien,Homme,57
Issam,Homme,81
Fayçal,Homme,65
Isla,Femme,40
Hakim,Homme,66
Aurora,Femme,50
Théo,Homme,80
Greta,Femme,91
Maxime,Homme,78
Jean,Homme,55
Florence,Femme,94
Petra,Femme,33
Yvette,Femme,73
Lila,Femme,39
Valentina,Femme,74
Kimberly,Femme,94
Gérard,Homme,48
Laurent,Homme,89
Estelle,Femme,71
Céline,Femme,32
Julien,Homme,44
Angela,Femme,21
Elena,Femme,50
Emma,Femme,25
Iris,Femme,92
René,Homme,54
Dominique,Homme,25
Irene,Femme,54
Eléonore,Femme,63
Karim,Homme,45
Nassim,Homme,68
Quentin,Homme,73
Caroline,Femme,78
Zoé,Femme,54
Noémie,Femme,24
Julie,Femme,39
Khadija,Femme,46
Aymen,Homme,50
Sébastien,Homme,71
Alain,Homme,56
Naomi,Femme,23
Adrien,Homme,57
Arnaud,Homme,58
Claudia,Femme,74
Sofia,Femme,40
François,Homme,65
Nicolas,Homme,84
Giulia,Femme,89
Alexandre,Homme,56
Hélène,Femme,98
Rayan,Homme,56
Amine,Homme,89
Taha,Homme,51
Gabriel,Homme,25
Alice,Femme,20
Sophie,Femme,20
Bianca,Femme,58
Mariam,Femme,71
Nora,Femme,54
Maia,Femme,35
Martin,Homme,31
Henri,Homme,50
Amara,Femme,44
Marta,Femme,39
Michel,Homme,63
Pascal,Homme,86
Louisa,Femme,40
Inès,Femme,74
Romain,Homme,67
Sabrina,Femme,88
Juliette,Femme,41
Lydia,Femme,64
Grégoire,Homme,72
Jean-Paul,Homme,42
Amélie,Femme,39
Anna,Femme,63
Khalil,Homme,85
Sandrine,Femme,49
Florian,Homme,68
Léa,Femme,76
Luc,Homme,19
Lucie,Femme,28
Bastien,Homme,80
Georges,Homme,56
Vanessa,Femme,61
Nathan,Homme,88
Hugo,Homme,48
Saïd,Homme,92
Vincent,Homme,34
Gabrielle,Femme,55
Gaston,Homme,82
Madeleine,Femme,83
Nawal,Femme,33
Guillaume,Homme,79
Leyla,Femme,48
Paul,Homme,77
Nathalie,Femme,69
