Prenom,Genre
Alice,Femme
Marie,Femme
Sophie,Femme
Chloé,Femme
Léa,Femme
Emma,Femme
Manon,Femme
Camille,Femme
Laura,Femme
Émilie,Femme
Élise,Femme
Anna,Femme
Zoé,Femme
Clara,Femme
Mathilde,Femme
Victoria,Femme
Isabelle,Femme
Charlotte,Femme
Mélanie,Femme
Coralie,Femme
Margot,Femme
Éva,Femme
Juliette,Femme
Nathalie,Femme
Aurélie,Femme
Stéphanie,Femme
Hélène,Femme
Sandrine,Femme
Julie,Femme
Céline,Femme
Nina,Femme
Caroline,Femme
Lucie,Femme
Amélie,Femme
Sarah,Femme
Noémie,Femme
Inès,Femme
Fatima,Femme
Aïcha,Femme
Yasmine,Femme
Leyla,Femme
Sofia,Femme
Khadija,Femme
Lina,Femme
Nawal,Femme
Myriam,Femme
Mariam,Femme
Rania,Femme
Amira,Femme
Soumaya,Femme
Olivia,Femme
Naomi,Femme
Jasmine,Femme
Kenza,Femme
Hana,Femme
Aline,Femme
Iris,Femme
Fanny,Femme
Gaëlle,Femme
Aurore,Femme
Laurie,Femme
Sabrina,Femme
Vanessa,Femme
Eugénie,Femme
Madeleine,Femme
Eléonore,Femme
Anaïs,Femme
Florence,Femme
Yvette,Femme
Adèle,Femme
Gabrielle,Femme
Clarisse,Femme
Daphné,Femme
Aurora,Femme
Maria,Femme
Angela,Femme
Claudia,Femme
Bianca,Femme
Giulia,Femme
Alessia,Femme
Lucia,Femme
Sienna,Femme
Elena,Femme
Francesca,Femme
Valentina,Femme
Marta,Femme
Sabrina,Femme
Antonella,Femme
Chiara,Femme
Carla,Femme
Amara,Femme
Adele,Femme
Astrid,Femme
Elsa,Femme
Fiona,Femme
Greta,Femme
Heidi,Femme
Irene,Femme
Louisa,Femme
Mona,Femme
Nora,Femme
Petra,Femme
Silvia,Femme
Theresa,Femme
Ursula,Femme
Vera,Femme
Yara,Femme
Zara,Femme
Lila,Femme
Amélia,Femme
Elodie,Femme
Estelle,Femme
Felicity,Femme
Gemma,Femme
Harriet,Femme
Isla,Femme
Jade,Femme
Kimberly,Femme
Lydia,Femme
Maia,Femme
Jean,Homme
Pierre,Homme
Luc,Homme
Paul,Homme
Julien,Homme
Thomas,Homme
Maxime,Homme
Antoine,Homme
Hugo,Homme
Louis,Homme
Arthur,Homme
Léo,Homme
Gabriel,Homme
Jules,Homme
Lucas,Homme
Nathan,Homme
Théo,Homme
Adrien,Homme
Bastien,Homme
Simon,Homme
Romain,Homme
Alexandre,Homme
Quentin,Homme
Benjamin,Homme
Martin,Homme
Clément,Homme
Nicolas,Homme
Florian,Homme
Sébastien,Homme
Cédric,Homme
Frédéric,Homme
Matthieu,Homme
Yann,Homme
Christophe,Homme
Guillaume,Homme
Grégoire,Homme
Patrick,Homme
Jacques,Homme
Pascal,Homme
Dominique,Homme
Lionel,Homme
Alain,Homme
François,Homme
Bernard,Homme
René,Homme
Philippe,Homme
Éric,Homme
Michel,Homme
Stéphane,Homme
André,Homme
Georges,Homme
Hubert,Homme
Bertrand,Homme
Henri,Homme
Olivier,Homme
Thierry,Homme
Roland,Homme
Laurent,Homme
Raymond,Homme
Richard,Homme
Vincent,Homme
Édouard,Homme
Alphonse,Homme
Gaston,Homme
Benoît,Homme
Hubert,Homme
Maurice,Homme
Victor,Homme
Félix,Homme
Daniel,Homme
Arnaud,Homme
Sacha,Homme
Cyril,Homme
Damien,Homme
Gérard,Homme
Raoul,Homme
Jean-Paul,Homme
Jacques-Louis,Homme
Jean-Luc,Homme
Gilles,Homme
Anis,Homme
Mohammed,Homme
Youssef,Homme
Mehdi,Homme
Hicham,Homme
Rachid,Homme
Khalid,Homme
Mourad,Homme
Nassim,Homme
Fayçal,Homme
Ali,Homme
Omar,Homme
Karim,Homme
Adel,Homme
Samir,Homme
Amine,Homme
Saïd,Homme
Farid,Homme
Brahim,Homme
Hakim,Homme
Imad,Homme
Nabil,Homme
Ibrahim,Homme
Aymen,Homme
Issam,Homme
Walid,Homme
Ziad,Homme
Hussein,Homme
Jamal,Homme
Tariq,Homme
Rami,Homme
Rayan,Homme
Ahmad,Homme
Salim,Homme
Khalil,Homme
Yahya,Homme
Ayman,Homme
Firas,Homme
Taha,Homme
Idris,Homme
